"id","program_id","title","domain","owner_role_proposed","status","draft_effort_workdays","predecessors_proposed","priority","relative_start_unapproved","relative_finish_unapproved","planned_start_unset","planned_finish_unset","source_url","approval_state"
"MP-001","VYNDI-MASTER-PROGRAM","Consolidate project scope and work-breakdown authority","Governance","Founder / PMO (proposed)","DRAFT_ONLY_NOT_AUTHORIZED","3","","P0","0","3","","","https://docs.google.com/document/d/1a_VvJ72xsr1NB2oyjtMKA8sEYcdMmrpgCNwyzPJFZZA/edit","UNAPPROVED_SOURCE_DRAFT"
"MP-002","VYNDI-MASTER-PROGRAM","Reconcile sources and design release status","Governance","Founder / PMO (proposed)","DRAFT_ONLY_NOT_AUTHORIZED","4","MP-001","P0","3","7","","","https://docs.google.com/document/d/1U970kDZKpIQIaPZc3EfjBjsgB-Q4ZcCGHVaX9iRV6Cw/edit","UNAPPROVED_SOURCE_DRAFT"
"MP-003","VYNDI-MASTER-PROGRAM","Nominate accountable owners and independent reviewers","Governance","Founder / PMO (proposed)","DRAFT_ONLY_NOT_AUTHORIZED","2","MP-001","P0","3","5","","","https://github.com/vyndivybes/vaos/pull/89","UNAPPROVED_SOURCE_DRAFT"
"MP-004","VYNDI-MASTER-PROGRAM","Approve business timezone, date cutoff and calendar","Governance","Founder / PMO (proposed)","DRAFT_ONLY_NOT_AUTHORIZED","1","MP-003","P0","5","6","","","https://github.com/vyndivybes/vaos/pull/89","UNAPPROVED_SOURCE_DRAFT"
"MP-005","VYNDI-MASTER-PROGRAM","Review durations and confirm milestone dates","Governance","Founder / PMO (proposed)","DRAFT_ONLY_NOT_AUTHORIZED","4","MP-002,MP-003","P0","7","11","","","https://github.com/vyndivybes/vaos/pull/89","UNAPPROVED_SOURCE_DRAFT"
"MP-006","VYNDI-MASTER-PROGRAM","Freeze and independently approve schedule baseline","Governance","Founder / PMO (proposed)","DRAFT_ONLY_NOT_AUTHORIZED","2","MP-004,MP-005","P0","11","13","","","https://github.com/vyndivybes/vaos/pull/89","UNAPPROVED_SOURCE_DRAFT"
"EN-001","VYNDI-MASTER-PROGRAM","Reconcile Rev5.3.8 master and E-K75 development selection","Carbon engineering","Vāyú engineering (proposed)","DRAFT_ONLY_NOT_AUTHORIZED","4","MP-002","P0","7","11","","","https://docs.google.com/document/d/1a_VvJ72xsr1NB2oyjtMKA8sEYcdMmrpgCNwyzPJFZZA/edit","UNAPPROVED_SOURCE_DRAFT"
"EN-002","VYNDI-MASTER-PROGRAM","Close fork crown and DT clearance incl. 380mm axle-to-crown","Carbon engineering","Vāyú engineering (proposed)","DRAFT_ONLY_NOT_AUTHORIZED","5","EN-001","P0","11","16","","","https://docs.google.com/document/d/1U970kDZKpIQIaPZc3EfjBjsgB-Q4ZcCGHVaX9iRV6Cw/edit","UNAPPROVED_SOURCE_DRAFT"
"EN-003","VYNDI-MASTER-PROGRAM","Deliver XS-XL native CAD and STEP","Carbon engineering","Vāyú engineering (proposed)","DRAFT_ONLY_NOT_AUTHORIZED","10","EN-001,EN-002","P0","16","26","","","https://docs.google.com/document/d/1_cNHgLSGYKY0evigj5bW6dcKXG_VdrQYFrwUcWVo7VQ/edit","UNAPPROVED_SOURCE_DRAFT"
"EN-004","VYNDI-MASTER-PROGRAM","Complete interface and tolerance drawings","Carbon engineering","Vāyú engineering (proposed)","DRAFT_ONLY_NOT_AUTHORIZED","5","EN-003","P0","26","31","","","https://docs.google.com/document/d/1_cNHgLSGYKY0evigj5bW6dcKXG_VdrQYFrwUcWVo7VQ/edit","UNAPPROVED_SOURCE_DRAFT"
"EN-005","VYNDI-MASTER-PROGRAM","Derive controlled ply areas and transitions","Carbon engineering","Vāyú engineering (proposed)","DRAFT_ONLY_NOT_AUTHORIZED","8","EN-003,MT-002","P0","26","34","","","https://docs.google.com/document/d/1U970kDZKpIQIaPZc3EfjBjsgB-Q4ZcCGHVaX9iRV6Cw/edit","UNAPPROVED_SOURCE_DRAFT"
"EN-006","VYNDI-MASTER-PROGRAM","Recalculate XS-XL frame mass from laminate","Carbon engineering","Vāyú engineering (proposed)","DRAFT_ONLY_NOT_AUTHORIZED","4","EN-005,MT-004","P1","34","38","","","https://docs.google.com/document/d/1U970kDZKpIQIaPZc3EfjBjsgB-Q4ZcCGHVaX9iRV6Cw/edit","UNAPPROVED_SOURCE_DRAFT"
"EN-007","VYNDI-MASTER-PROGRAM","Independent geometry, fit and DFM design review","Carbon engineering","Vāyú engineering (proposed)","DRAFT_ONLY_NOT_AUTHORIZED","3","EN-004,EN-006","P0","38","41","","","https://docs.google.com/document/d/1a_VvJ72xsr1NB2oyjtMKA8sEYcdMmrpgCNwyzPJFZZA/edit","UNAPPROVED_SOURCE_DRAFT"
"MT-001","VYNDI-MASTER-PROGRAM","Reconcile received carbon-fibre datasheets and prepreg options","Materials / Toray","Vāyú materials; Toray input subject to agreement","DRAFT_ONLY_NOT_AUTHORIZED","4","MP-002","P0","7","11","","","https://docs.google.com/document/d/1U970kDZKpIQIaPZc3EfjBjsgB-Q4ZcCGHVaX9iRV6Cw/edit","UNAPPROVED_SOURCE_DRAFT"
"MT-002","VYNDI-MASTER-PROGRAM","Define candidate resin, FAW, CPT and cure process","Materials / Toray","Vāyú materials; Toray input subject to agreement","DRAFT_ONLY_NOT_AUTHORIZED","6","MT-001","P0","11","17","","","https://docs.google.com/document/d/1U970kDZKpIQIaPZc3EfjBjsgB-Q4ZcCGHVaX9iRV6Cw/edit","UNAPPROVED_SOURCE_DRAFT"
"MT-003","VYNDI-MASTER-PROGRAM","Prepare coupon and material qualification matrix","Materials / Toray","Vāyú materials; Toray input subject to agreement","DRAFT_ONLY_NOT_AUTHORIZED","4","MT-002","P0","17","21","","","https://docs.google.com/document/d/1U970kDZKpIQIaPZc3EfjBjsgB-Q4ZcCGHVaX9iRV6Cw/edit","UNAPPROVED_SOURCE_DRAFT"
"MT-004","VYNDI-MASTER-PROGRAM","Obtain validated mechanical allowables and process basis","Materials / Toray","Vāyú materials; Toray input subject to agreement","DRAFT_ONLY_NOT_AUTHORIZED","12","MT-003","P0","21","33","","","https://docs.google.com/document/d/1U970kDZKpIQIaPZc3EfjBjsgB-Q4ZcCGHVaX9iRV6Cw/edit","UNAPPROVED_SOURCE_DRAFT"
"MT-005","VYNDI-MASTER-PROGRAM","Confirm supplier CoA, lead time and supply/funding terms","Materials / Toray","Vāyú materials; Toray input subject to agreement","DRAFT_ONLY_NOT_AUTHORIZED","5","MT-001","P0","11","16","","","https://docs.google.com/presentation/d/1RJYqQOpoxWYb1pf1EieQx1rjRTZ6OIDU/edit","UNAPPROVED_SOURCE_DRAFT"
"MT-006","VYNDI-MASTER-PROGRAM","Independently approve MATERIAL-01 closure","Materials / Toray","Vāyú materials; Toray input subject to agreement","DRAFT_ONLY_NOT_AUTHORIZED","3","MT-004,MT-005","P0","33","36","","","https://docs.google.com/document/d/1U970kDZKpIQIaPZc3EfjBjsgB-Q4ZcCGHVaX9iRV6Cw/edit","UNAPPROVED_SOURCE_DRAFT"
"PA-001","VYNDI-MASTER-PROGRAM","Confirm TANSAM/TANCAM workshare and named contacts","Partners & funding","Founder / partnership lead (proposed)","DRAFT_ONLY_NOT_AUTHORIZED","5","MP-001","P0","3","8","","","https://docs.google.com/document/d/1_cNHgLSGYKY0evigj5bW6dcKXG_VdrQYFrwUcWVo7VQ/edit","UNAPPROVED_SOURCE_DRAFT"
"PA-002","VYNDI-MASTER-PROGRAM","Resolve NDA, IP and solver/native-model ownership","Partners & funding","Founder / partnership lead (proposed)","DRAFT_ONLY_NOT_AUTHORIZED","4","PA-001","P0","8","12","","","https://docs.google.com/document/d/1NTWuM7DoFdDSAg2JCdTzdewA7Vfx634a9wBl8OEBLXI/edit","UNAPPROVED_SOURCE_DRAFT"
"PA-003","VYNDI-MASTER-PROGRAM","Confirm PSG-STEP IVP voucher/funding decision","Partners & funding","Founder / partnership lead (proposed)","DRAFT_ONLY_NOT_AUTHORIZED","6","MP-001","P0","3","9","","","https://docs.google.com/presentation/d/1RJYqQOpoxWYb1pf1EieQx1rjRTZ6OIDU/edit","UNAPPROVED_SOURCE_DRAFT"
"PA-004","VYNDI-MASTER-PROGRAM","Confirm TANCAM facility/cost/capability","Partners & funding","Founder / partnership lead (proposed)","DRAFT_ONLY_NOT_AUTHORIZED","5","PA-001","P1","8","13","","","https://docs.google.com/document/d/1NTWuM7DoFdDSAg2JCdTzdewA7Vfx634a9wBl8OEBLXI/edit","UNAPPROVED_SOURCE_DRAFT"
"PA-005","VYNDI-MASTER-PROGRAM","Agree signed phase scope, schedule and resources","Partners & funding","Founder / partnership lead (proposed)","DRAFT_ONLY_NOT_AUTHORIZED","4","PA-002,PA-003,PA-004","P0","13","17","","","https://docs.google.com/document/d/1NTWuM7DoFdDSAg2JCdTzdewA7Vfx634a9wBl8OEBLXI/edit","UNAPPROVED_SOURCE_DRAFT"
"FE-001","VYNDI-MASTER-PROGRAM","Freeze load cases, contacts and convergence criteria","Structural FEA","Vāyú CAE; external partner only if engaged","DRAFT_ONLY_NOT_AUTHORIZED","4","EN-004,MT-002","P0","31","35","","","https://docs.google.com/document/d/1_cNHgLSGYKY0evigj5bW6dcKXG_VdrQYFrwUcWVo7VQ/edit","UNAPPROVED_SOURCE_DRAFT"
"FE-002","VYNDI-MASTER-PROGRAM","Build native mesh, restraints and reaction-balance model","Structural FEA","Vāyú CAE; external partner only if engaged","DRAFT_ONLY_NOT_AUTHORIZED","8","FE-001,PA-005","P0","35","43","","","https://docs.google.com/document/d/1NTWuM7DoFdDSAg2JCdTzdewA7Vfx634a9wBl8OEBLXI/edit","UNAPPROVED_SOURCE_DRAFT"
"FE-003","VYNDI-MASTER-PROGRAM","Evaluate Tsai-Wu/Hashin, stiffness and ply stresses","Structural FEA","Vāyú CAE; external partner only if engaged","DRAFT_ONLY_NOT_AUTHORIZED","8","FE-002,MT-006","P0","43","51","","","https://docs.google.com/document/d/1_cNHgLSGYKY0evigj5bW6dcKXG_VdrQYFrwUcWVo7VQ/edit","UNAPPROVED_SOURCE_DRAFT"
"FE-004","VYNDI-MASTER-PROGRAM","Evaluate crown, steerer and interlaminar hotspots","Structural FEA","Vāyú CAE; external partner only if engaged","DRAFT_ONLY_NOT_AUTHORIZED","6","FE-003","P0","51","57","","","https://docs.google.com/document/d/1_cNHgLSGYKY0evigj5bW6dcKXG_VdrQYFrwUcWVo7VQ/edit","UNAPPROVED_SOURCE_DRAFT"
"FE-005","VYNDI-MASTER-PROGRAM","Independent FEA convergence and failure-mode review","Structural FEA","Vāyú CAE; external partner only if engaged","DRAFT_ONLY_NOT_AUTHORIZED","3","FE-003,FE-004","P0","57","60","","","https://docs.google.com/document/d/1NTWuM7DoFdDSAg2JCdTzdewA7Vfx634a9wBl8OEBLXI/edit","UNAPPROVED_SOURCE_DRAFT"
"FE-006","VYNDI-MASTER-PROGRAM","Select controlled P1 prototype configuration","Structural FEA","Vāyú CAE; external partner only if engaged","DRAFT_ONLY_NOT_AUTHORIZED","5","FE-005,EN-007","P0","60","65","","","https://docs.google.com/document/d/1NTWuM7DoFdDSAg2JCdTzdewA7Vfx634a9wBl8OEBLXI/edit","UNAPPROVED_SOURCE_DRAFT"
"MF-001","VYNDI-MASTER-PROGRAM","Review DFM, demould, drape and consolidation","Prototype manufacturing","Vāyú manufacturing and QA (proposed)","DRAFT_ONLY_NOT_AUTHORIZED","5","FE-006,PA-005","P0","65","70","","","https://docs.google.com/document/d/1NTWuM7DoFdDSAg2JCdTzdewA7Vfx634a9wBl8OEBLXI/edit","UNAPPROVED_SOURCE_DRAFT"
"MF-002","VYNDI-MASTER-PROGRAM","Prepare prototype ply book and cutting kit","Prototype manufacturing","Vāyú manufacturing and QA (proposed)","DRAFT_ONLY_NOT_AUTHORIZED","6","MF-001,MT-006","P0","70","76","","","https://docs.google.com/document/d/1U970kDZKpIQIaPZc3EfjBjsgB-Q4ZcCGHVaX9iRV6Cw/edit","UNAPPROVED_SOURCE_DRAFT"
"MF-003","VYNDI-MASTER-PROGRAM","Review and authorize P1 tooling and moulds","Prototype manufacturing","Vāyú manufacturing and QA (proposed)","DRAFT_ONLY_NOT_AUTHORIZED","8","MF-001,MF-002","P0","76","84","","","https://docs.google.com/document/d/1NTWuM7DoFdDSAg2JCdTzdewA7Vfx634a9wBl8OEBLXI/edit","UNAPPROVED_SOURCE_DRAFT"
"MF-004","VYNDI-MASTER-PROGRAM","Procure and accept materials and inserts","Prototype manufacturing","Vāyú manufacturing and QA (proposed)","DRAFT_ONLY_NOT_AUTHORIZED","8","MF-003,MT-005","P0","84","92","","","https://docs.google.com/presentation/d/1RJYqQOpoxWYb1pf1EieQx1rjRTZ6OIDU/edit","UNAPPROVED_SOURCE_DRAFT"
"MF-005","VYNDI-MASTER-PROGRAM","Trial layup and cure with NCR evidence","Prototype manufacturing","Vāyú manufacturing and QA (proposed)","DRAFT_ONLY_NOT_AUTHORIZED","5","MF-003,MF-004","P0","92","97","","","https://docs.google.com/document/d/1_cNHgLSGYKY0evigj5bW6dcKXG_VdrQYFrwUcWVo7VQ/edit","UNAPPROVED_SOURCE_DRAFT"
"MF-006","VYNDI-MASTER-PROGRAM","Build controlled P1 monocoque frameset","Prototype manufacturing","Vāyú manufacturing and QA (proposed)","DRAFT_ONLY_NOT_AUTHORIZED","10","MF-005,FE-006","P0","97","107","","","https://docs.google.com/document/d/1NTWuM7DoFdDSAg2JCdTzdewA7Vfx634a9wBl8OEBLXI/edit","UNAPPROVED_SOURCE_DRAFT"
"MF-007","VYNDI-MASTER-PROGRAM","Perform as-built metrology and mass measurement","Prototype manufacturing","Vāyú manufacturing and QA (proposed)","DRAFT_ONLY_NOT_AUTHORIZED","4","MF-006","P0","107","111","","","https://docs.google.com/document/d/1NTWuM7DoFdDSAg2JCdTzdewA7Vfx634a9wBl8OEBLXI/edit","UNAPPROVED_SOURCE_DRAFT"
"MF-008","VYNDI-MASTER-PROGRAM","Perform NDT and qualify P1 for tests","Prototype manufacturing","Vāyú manufacturing and QA (proposed)","DRAFT_ONLY_NOT_AUTHORIZED","4","MF-007","P0","111","115","","","https://docs.google.com/document/d/1_cNHgLSGYKY0evigj5bW6dcKXG_VdrQYFrwUcWVo7VQ/edit","UNAPPROVED_SOURCE_DRAFT"
"TE-001","VYNDI-MASTER-PROGRAM","Approve ISO4210-aligned test and acceptance matrix","Physical validation","Vāyú QA; independent test facility TBD","DRAFT_ONLY_NOT_AUTHORIZED","5","FE-001,PA-005","P0","35","40","","","https://docs.google.com/document/d/1PdhYLWvuVKuCTLgX8ZVllMEUyiEt9luavW2cNMWYpdM/edit","UNAPPROVED_SOURCE_DRAFT"
"TE-002","VYNDI-MASTER-PROGRAM","Qualify test rigs, fixtures and instrumentation","Physical validation","Vāyú QA; independent test facility TBD","DRAFT_ONLY_NOT_AUTHORIZED","4","TE-001,MF-008","P0","115","119","","","https://docs.google.com/document/d/1NTWuM7DoFdDSAg2JCdTzdewA7Vfx634a9wBl8OEBLXI/edit","UNAPPROVED_SOURCE_DRAFT"
"TE-003","VYNDI-MASTER-PROGRAM","Execute static/fatigue/impact validation","Physical validation","Vāyú QA; independent test facility TBD","DRAFT_ONLY_NOT_AUTHORIZED","12","TE-002","P0","119","131","","","https://docs.google.com/document/d/1NTWuM7DoFdDSAg2JCdTzdewA7Vfx634a9wBl8OEBLXI/edit","UNAPPROVED_SOURCE_DRAFT"
"TE-004","VYNDI-MASTER-PROGRAM","Perform CAE-to-test correlation","Physical validation","Vāyú QA; independent test facility TBD","DRAFT_ONLY_NOT_AUTHORIZED","7","TE-003,FE-005","P0","131","138","","","https://docs.google.com/document/d/1NTWuM7DoFdDSAg2JCdTzdewA7Vfx634a9wBl8OEBLXI/edit","UNAPPROVED_SOURCE_DRAFT"
"TE-005","VYNDI-MASTER-PROGRAM","Close NCR/CAPA and revalidation findings","Physical validation","Vāyú QA; independent test facility TBD","DRAFT_ONLY_NOT_AUTHORIZED","6","TE-004","P0","138","144","","","https://docs.google.com/document/d/1NTWuM7DoFdDSAg2JCdTzdewA7Vfx634a9wBl8OEBLXI/edit","UNAPPROVED_SOURCE_DRAFT"
"TE-006","VYNDI-MASTER-PROGRAM","Conduct human-controlled design release decision","Physical validation","Vāyú QA; independent test facility TBD","DRAFT_ONLY_NOT_AUTHORIZED","3","TE-005,MF-008","P0","144","147","","","https://docs.google.com/document/d/1a_VvJ72xsr1NB2oyjtMKA8sEYcdMmrpgCNwyzPJFZZA/edit","UNAPPROVED_SOURCE_DRAFT"
"OS-001","VYNDI-MASTER-PROGRAM","Stage provisional programme WBS without approved dates","VYNDI OS / VIBPE","Platform / governance (proposed)","DRAFT_ONLY_NOT_AUTHORIZED","3","MP-001","P0","3","6","","","https://github.com/vyndivybes/vaos/pull/89","UNAPPROVED_SOURCE_DRAFT"
"OS-002","VYNDI-MASTER-PROGRAM","Qualify VYNDI-VAOS schedule bridge and signed access","VYNDI OS / VIBPE","Platform / governance (proposed)","DRAFT_ONLY_NOT_AUTHORIZED","3","OS-001","P0","6","9","","","https://github.com/vyndivybes/vyndios/pull/27","UNAPPROVED_SOURCE_DRAFT"
"OS-003","VYNDI-MASTER-PROGRAM","Qualify approved manifest, source hash and timezone","VYNDI OS / VIBPE","Platform / governance (proposed)","DRAFT_ONLY_NOT_AUTHORIZED","6","MP-004,MP-006,OS-002","P0","13","19","","","https://github.com/vyndivybes/vaos/pull/86","UNAPPROVED_SOURCE_DRAFT"
"OS-004","VYNDI-MASTER-PROGRAM","Re-test Golden Order ERP digital thread","VYNDI OS / VIBPE","Platform / governance (proposed)","DRAFT_ONLY_NOT_AUTHORIZED","8","OS-001","P1","6","14","","","https://github.com/vyndivybes/vyndios","UNAPPROVED_SOURCE_DRAFT"
"OS-005","VYNDI-MASTER-PROGRAM","Audit QA CAPA, IAM and control gates","VYNDI OS / VIBPE","Platform / governance (proposed)","DRAFT_ONLY_NOT_AUTHORIZED","5","OS-004","P1","14","19","","","https://github.com/vyndivybes/vyndios","UNAPPROVED_SOURCE_DRAFT"
"OS-006","VYNDI-MASTER-PROGRAM","Validate VIBPE source authority and advisory evidence","VYNDI OS / VIBPE","Platform / governance (proposed)","DRAFT_ONLY_NOT_AUTHORIZED","6","OS-004,MP-002","P1","14","20","","","https://docs.google.com/document/d/1U970kDZKpIQIaPZc3EfjBjsgB-Q4ZcCGHVaX9iRV6Cw/edit","UNAPPROVED_SOURCE_DRAFT"
"OS-007","VYNDI-MASTER-PROGRAM","Qualify multi-tenant SaaS security, export and recovery","VYNDI OS / VIBPE","Platform / governance (proposed)","DRAFT_ONLY_NOT_AUTHORIZED","10","OS-005,OS-006","P2","20","30","","","https://github.com/vyndivybes/vyndios","UNAPPROVED_SOURCE_DRAFT"
"VA-001","VYNDI-MASTER-PROGRAM","Re-audit digital employees and independent handoffs","VAOS workforce","VAOS governance / Risk reviewer (proposed)","DRAFT_ONLY_NOT_AUTHORIZED","4","OS-002","P1","9","13","","","https://github.com/vyndivybes/vaos/pull/86","UNAPPROVED_SOURCE_DRAFT"
"VA-002","VYNDI-MASTER-PROGRAM","Verify scheduler, custody and SLA telemetry","VAOS workforce","VAOS governance / Risk reviewer (proposed)","DRAFT_ONLY_NOT_AUTHORIZED","3","VA-001","P1","13","16","","","https://github.com/vyndivybes/vaos/pull/89","UNAPPROVED_SOURCE_DRAFT"
"VA-003","VYNDI-MASTER-PROGRAM","Live-test source-backed schedule delay assessment","VAOS workforce","VAOS governance / Risk reviewer (proposed)","DRAFT_ONLY_NOT_AUTHORIZED","5","OS-003,VA-001","P0","19","24","","","https://github.com/vyndivybes/vaos/pull/86","UNAPPROVED_SOURCE_DRAFT"
"VA-004","VYNDI-MASTER-PROGRAM","Qualify human-gated project escalation workflow","VAOS workforce","VAOS governance / Risk reviewer (proposed)","DRAFT_ONLY_NOT_AUTHORIZED","5","VA-003","P1","24","29","","","https://github.com/vyndivybes/vaos/pull/86","UNAPPROVED_SOURCE_DRAFT"
"VB-001","VYNDI-MASTER-PROGRAM","Review community approval, messaging and profile flows","Vybes community","Vybes engineering / community (proposed)","DRAFT_ONLY_NOT_AUTHORIZED","4","MP-001","P1","3","7","","","https://github.com/shyamsundhar1982/vyndi-ride-stories","UNAPPROVED_SOURCE_DRAFT"
"VB-002","VYNDI-MASTER-PROGRAM","Qualify Strava automatic import and deduplication","Vybes community","Vybes engineering / community (proposed)","DRAFT_ONLY_NOT_AUTHORIZED","6","VB-001","P1","7","13","","","https://github.com/shyamsundhar1982/vyndi-ride-stories","UNAPPROVED_SOURCE_DRAFT"
"VB-003","VYNDI-MASTER-PROGRAM","Qualify Garmin and Komoot integration feasibility","Vybes community","Vybes engineering / community (proposed)","DRAFT_ONLY_NOT_AUTHORIZED","6","VB-001","P2","7","13","","","https://github.com/shyamsundhar1982/vyndi-ride-stories","UNAPPROVED_SOURCE_DRAFT"
"VB-004","VYNDI-MASTER-PROGRAM","Audit responsive navigation and athlete passport","Vybes community","Vybes engineering / community (proposed)","DRAFT_ONLY_NOT_AUTHORIZED","6","VB-001","P1","7","13","","","https://github.com/shyamsundhar1982/vyndi-ride-stories","UNAPPROVED_SOURCE_DRAFT"
"VB-005","VYNDI-MASTER-PROGRAM","Audit account recovery and blocked-user isolation","Vybes community","Vybes engineering / community (proposed)","DRAFT_ONLY_NOT_AUTHORIZED","4","VB-001","P1","7","11","","","https://github.com/shyamsundhar1982/vyndi-ride-stories","UNAPPROVED_SOURCE_DRAFT"
"MD-001","VYNDI-MASTER-PROGRAM","Qualify large/multiple GPX processing and DEM","Terrain medal / merchandise","3D/GIS engineering (proposed)","DRAFT_ONLY_NOT_AUTHORIZED","6","MP-001","P1","3","9","","","https://github.com/shyamsundhar1982/vyndi-ride-stories","UNAPPROVED_SOURCE_DRAFT"
"MD-002","VYNDI-MASTER-PROGRAM","Reconcile coastlines, elevations and route fidelity","Terrain medal / merchandise","3D/GIS engineering (proposed)","DRAFT_ONLY_NOT_AUTHORIZED","8","MD-001","P1","9","17","","","https://github.com/shyamsundhar1982/vyndi-ride-stories","UNAPPROVED_SOURCE_DRAFT"
"MD-003","VYNDI-MASTER-PROGRAM","Repair map search, medal outlines and event ribbon","Terrain medal / merchandise","3D/GIS engineering (proposed)","DRAFT_ONLY_NOT_AUTHORIZED","6","MD-001","P1","9","15","","","https://github.com/shyamsundhar1982/vyndi-ride-stories","UNAPPROVED_SOURCE_DRAFT"
"MD-004","VYNDI-MASTER-PROGRAM","Qualify 3D GLB/AR and STL/3MF slicer output","Terrain medal / merchandise","3D/GIS engineering (proposed)","DRAFT_ONLY_NOT_AUTHORIZED","7","MD-002,MD-003","P1","17","24","","","https://github.com/shyamsundhar1982/vyndi-ride-stories","UNAPPROVED_SOURCE_DRAFT"
"MD-005","VYNDI-MASTER-PROGRAM","Validate print on Bambu P1S","Terrain medal / merchandise","3D/GIS engineering (proposed)","DRAFT_ONLY_NOT_AUTHORIZED","4","MD-004","P2","24","28","","","https://github.com/shyamsundhar1982/vyndi-ride-stories","UNAPPROVED_SOURCE_DRAFT"
"BU-001","VYNDI-MASTER-PROGRAM","Model carbon, aluminium, software and community units","Business & commercialization","Founder / finance (proposed)","DRAFT_ONLY_NOT_AUTHORIZED","4","MP-001","P1","3","7","","","https://github.com/vyndivybes/vyndios","UNAPPROVED_SOURCE_DRAFT"
"BU-002","VYNDI-MASTER-PROGRAM","Scope aluminium project and supply feasibility","Business & commercialization","Founder / finance (proposed)","DRAFT_ONLY_NOT_AUTHORIZED","7","BU-001","P2","7","14","","","https://docs.google.com/document/d/1a_VvJ72xsr1NB2oyjtMKA8sEYcdMmrpgCNwyzPJFZZA/edit","UNAPPROVED_SOURCE_DRAFT"
"BU-003","VYNDI-MASTER-PROGRAM","Build SaaS pricing, onboarding, billing and support case","Business & commercialization","Founder / finance (proposed)","DRAFT_ONLY_NOT_AUTHORIZED","7","BU-001,OS-007","P2","30","37","","","https://github.com/vyndivybes/vyndios","UNAPPROVED_SOURCE_DRAFT"
"BU-004","VYNDI-MASTER-PROGRAM","Reconcile ₹7 lakh P1 budget and written funding terms","Business & commercialization","Founder / finance (proposed)","DRAFT_ONLY_NOT_AUTHORIZED","4","PA-003,MT-005","P1","16","20","","","https://docs.google.com/presentation/d/1RJYqQOpoxWYb1pf1EieQx1rjRTZ6OIDU/edit","UNAPPROVED_SOURCE_DRAFT"
"BU-005","VYNDI-MASTER-PROGRAM","Verify corporate site and legal/IP release gates","Business & commercialization","Founder / finance (proposed)","DRAFT_ONLY_NOT_AUTHORIZED","3","BU-001","P2","7","10","","","https://www.vayushastr.com","UNAPPROVED_SOURCE_DRAFT"
"BU-006","VYNDI-MASTER-PROGRAM","Prepare evidence-separated funding/investor decision pack","Business & commercialization","Founder / finance (proposed)","DRAFT_ONLY_NOT_AUTHORIZED","6","BU-004,FE-006","P2","65","71","","","https://docs.google.com/presentation/d/1RJYqQOpoxWYb1pf1EieQx1rjRTZ6OIDU/edit","UNAPPROVED_SOURCE_DRAFT"
